Title,Price,Rating,Colors,Size,Gender,timestamp
T-shirt 2,1634400.0,3.9,3,M,Women,2026-05-24T21:34:09.572400
Hoodie 3,7950080.0,4.8,3,L,Unisex,2026-05-24T21:34:09.572463
Pants 4,7476960.0,3.3,3,XL,Men,2026-05-24T21:34:09.572540
Outerwear 5,5145440.0,3.5,3,XXL,Women,2026-05-24T21:34:09.572604
Jacket 6,2453920.0,3.3,3,S,Unisex,2026-05-24T21:34:09.572663
Crewneck 7,6892000.0,4.3,3,M,Men,2026-05-24T21:34:09.572720
T-shirt 8,7802560.0,3.1,3,L,Women,2026-05-24T21:34:09.572777
Hoodie 9,3972160.0,3.2,3,XL,Unisex,2026-05-24T21:34:09.572833
Pants 10,3100160.0,4.2,3,XXL,Men,2026-05-24T21:34:09.572890
Jacket 12,8527840.0,3.9,3,M,Unisex,2026-05-24T21:34:09.573030
Crewneck 13,5447200.0,3.2,3,L,Men,2026-05-24T21:34:09.573089
T-shirt 14,3248800.0,3.8,3,XL,Women,2026-05-24T21:34:09.573148
Hoodie 15,2184160.0,3.6,3,XXL,Unisex,2026-05-24T21:34:09.573205
Outerwear 17,841600.0,3.8,3,M,Women,2026-05-24T21:34:09.573321
Jacket 18,5500000.0,3.8,3,L,Unisex,2026-05-24T21:34:09.573377
Crewneck 19,1308960.0,3.6,3,XL,Men,2026-05-24T21:34:09.573432
T-shirt 20,1325600.0,3.4,3,XXL,Women,2026-05-24T21:34:09.573485
Pants 22,4319680.0,4.9,3,M,Men,2026-05-24T21:34:10.471359
Outerwear 23,4655840.0,3.7,3,L,Women,2026-05-24T21:34:10.471418
Jacket 24,8223520.0,3.9,3,XL,Unisex,2026-05-24T21:34:10.471477
Crewneck 25,8322559.999999999,3.3,3,XXL,Men,2026-05-24T21:34:10.471533
T-shirt 26,7292320.0,4.6,3,S,Women,2026-05-24T21:34:10.471617
Hoodie 27,3551840.0,4.8,3,M,Unisex,2026-05-24T21:34:10.471684
Pants 28,5216160.0,4.0,3,L,Men,2026-05-24T21:34:10.471746
Outerwear 29,861600.0,3.1,3,XL,Women,2026-05-24T21:34:10.471808
Jacket 30,8610240.0,3.7,3,XXL,Unisex,2026-05-24T21:34:10.471870
T-shirt 32,6657920.0,3.4,3,M,Women,2026-05-24T21:34:10.471988
Hoodie 33,7248160.0,3.5,3,L,Unisex,2026-05-24T21:34:10.472045
Pants 34,8362719.999999999,3.8,3,XL,Men,2026-05-24T21:34:10.472109
Outerwear 35,1356160.0,3.8,3,XXL,Women,2026-05-24T21:34:10.472166
Jacket 36,7249280.0,3.7,3,S,Unisex,2026-05-24T21:34:10.472223
Crewneck 37,6006080.0,4.0,3,M,Men,2026-05-24T21:34:10.472280
T-shirt 38,4866080.0,3.2,3,L,Women,2026-05-24T21:34:10.472336
Hoodie 39,6431200.0,4.6,3,XL,Unisex,2026-05-24T21:34:10.472391
Pants 40,5853600.0,3.1,3,XXL,Men,2026-05-24T21:34:10.472450
Jacket 42,6744160.0,3.7,3,M,Unisex,2026-05-24T21:34:10.938423
Crewneck 43,2909600.0,4.5,3,L,Men,2026-05-24T21:34:10.938484
T-shirt 44,3312320.0,3.0,3,XL,Women,2026-05-24T21:34:10.938542
Hoodie 45,8693120.0,4.5,3,XXL,Unisex,2026-05-24T21:34:10.938601
Outerwear 47,6364640.0,3.2,3,M,Women,2026-05-24T21:34:10.938723
Jacket 48,4994720.0,3.4,3,L,Unisex,2026-05-24T21:34:10.938781
Crewneck 49,1071200.0,4.0,3,XL,Men,2026-05-24T21:34:10.938836
T-shirt 50,5932960.0,3.1,3,XXL,Women,2026-05-24T21:34:10.938892
Pants 52,1596480.0,4.0,3,M,Men,2026-05-24T21:34:10.939003
Outerwear 53,4470880.0,4.3,3,L,Women,2026-05-24T21:34:10.939061
Jacket 54,854560.0,4.2,3,XL,Unisex,2026-05-24T21:34:10.939117
Crewneck 55,1793760.0,3.6,3,XXL,Men,2026-05-24T21:34:10.939190
T-shirt 56,4643040.0,3.8,3,S,Women,2026-05-24T21:34:10.939257
Hoodie 57,3155360.0,4.9,3,M,Unisex,2026-05-24T21:34:10.939315
Pants 58,1637760.0,4.4,3,L,Men,2026-05-24T21:34:10.939373
Outerwear 59,2254240.0,4.6,3,XL,Women,2026-05-24T21:34:10.939431
Jacket 60,3375520.0,4.2,3,XXL,Unisex,2026-05-24T21:34:10.939487
T-shirt 62,1376480.0,3.8,3,M,Women,2026-05-24T21:34:11.583693
Hoodie 63,6479200.0,3.6,3,L,Unisex,2026-05-24T21:34:11.583752
Pants 64,7728480.0,4.0,3,XL,Men,2026-05-24T21:34:11.583808
Outerwear 65,2385920.0,4.1,3,XXL,Women,2026-05-24T21:34:11.583864
Jacket 66,4353120.0,3.5,3,S,Unisex,2026-05-24T21:34:11.583956
Crewneck 67,8470720.0,3.5,3,M,Men,2026-05-24T21:34:11.584023
T-shirt 68,8025280.0,4.0,3,L,Women,2026-05-24T21:34:11.584083
Hoodie 69,1027839.9999999999,3.6,3,XL,Unisex,2026-05-24T21:34:11.584140
Pants 70,1171360.0,4.4,3,XXL,Men,2026-05-24T21:34:11.584201
Jacket 72,3776000.0,4.4,3,M,Unisex,2026-05-24T21:34:11.584316
Crewneck 73,2460320.0,3.0,3,L,Men,2026-05-24T21:34:11.584372
T-shirt 74,7704800.0,3.8,3,XL,Women,2026-05-24T21:34:11.584427
Hoodie 75,2101760.0,4.3,3,XXL,Unisex,2026-05-24T21:34:11.584482
Outerwear 77,861760.0,3.7,3,M,Women,2026-05-24T21:34:11.584649
Jacket 78,2716480.0,4.3,3,L,Unisex,2026-05-24T21:34:11.584766
Crewneck 79,3309600.0,4.6,3,XL,Men,2026-05-24T21:34:11.584914
T-shirt 80,4178399.9999999995,4.5,3,XXL,Women,2026-05-24T21:34:11.584996
Pants 82,8315520.0,4.8,3,M,Men,2026-05-24T21:34:11.957381
Outerwear 83,3947840.0,3.7,3,L,Women,2026-05-24T21:34:11.957462
Jacket 84,2826080.0,4.8,3,XL,Unisex,2026-05-24T21:34:11.957536
Crewneck 85,4564160.0,3.5,3,XXL,Men,2026-05-24T21:34:11.957602
T-shirt 86,1670880.0,3.9,3,S,Women,2026-05-24T21:34:11.957668
Hoodie 87,7870240.0,4.3,3,M,Unisex,2026-05-24T21:34:11.957732
Pants 88,7590400.0,3.1,3,L,Men,2026-05-24T21:34:11.957796
Outerwear 89,4856320.0,3.0,3,XL,Women,2026-05-24T21:34:11.957863
Jacket 90,7160000.0,4.0,3,XXL,Unisex,2026-05-24T21:34:11.957955
T-shirt 92,5012320.0,3.5,3,M,Women,2026-05-24T21:34:11.958095
Hoodie 93,1365280.0,3.6,3,L,Unisex,2026-05-24T21:34:11.958160
Pants 94,1074880.0,4.3,3,XL,Men,2026-05-24T21:34:11.958224
Outerwear 95,6062240.0,3.5,3,XXL,Women,2026-05-24T21:34:11.958287
Jacket 96,4598240.0,4.9,3,S,Unisex,2026-05-24T21:34:11.958353
Crewneck 97,6113120.0,3.9,3,M,Men,2026-05-24T21:34:11.958418
T-shirt 98,8596960.0,3.1,3,L,Women,2026-05-24T21:34:11.958483
Hoodie 99,5028000.0,3.6,3,XL,Unisex,2026-05-24T21:34:11.958547
Pants 100,2217280.0,4.6,3,XXL,Men,2026-05-24T21:34:11.958610
Jacket 102,3840640.0,3.3,3,M,Unisex,2026-05-24T21:34:12.336809
Crewneck 103,2331680.0,3.5,3,L,Men,2026-05-24T21:34:12.336869
T-shirt 104,2374400.0,3.8,3,XL,Women,2026-05-24T21:34:12.336928
Hoodie 105,5019840.0,4.2,3,XXL,Unisex,2026-05-24T21:34:12.336985
Outerwear 107,6625120.0,4.0,3,M,Women,2026-05-24T21:34:12.337106
Jacket 108,5551680.0,4.8,3,L,Unisex,2026-05-24T21:34:12.337169
Crewneck 109,5886880.0,3.3,3,XL,Men,2026-05-24T21:34:12.337240
T-shirt 110,7197120.0,4.6,3,XXL,Women,2026-05-24T21:34:12.337310
Pants 112,4261920.0,3.3,3,M,Men,2026-05-24T21:34:12.337451
Outerwear 113,4472000.0,3.7,3,L,Women,2026-05-24T21:34:12.337520
Jacket 114,5386560.0,4.9,3,XL,Unisex,2026-05-24T21:34:12.337590
Crewneck 115,1933280.0,4.5,3,XXL,Men,2026-05-24T21:34:12.337659
T-shirt 116,3474560.0,3.0,3,S,Women,2026-05-24T21:34:12.337728
Hoodie 117,3376320.0,5.0,3,M,Unisex,2026-05-24T21:34:12.337798
Pants 118,5585440.0,3.2,3,L,Men,2026-05-24T21:34:12.337867
Outerwear 119,3561760.0,3.4,3,XL,Women,2026-05-24T21:34:12.337937
Jacket 120,7480320.0,4.0,3,XXL,Unisex,2026-05-24T21:34:12.337994
T-shirt 122,1961920.0,3.6,3,M,Women,2026-05-24T21:34:12.689774
Hoodie 123,4498080.0,3.8,3,L,Unisex,2026-05-24T21:34:12.689832
Pants 124,7023520.0,3.2,3,XL,Men,2026-05-24T21:34:12.689890
Outerwear 125,6998240.0,4.2,3,XXL,Women,2026-05-24T21:34:12.689946
Jacket 126,4426080.0,3.9,3,S,Unisex,2026-05-24T21:34:12.690001
Crewneck 127,8311680.0,4.0,3,M,Men,2026-05-24T21:34:12.690098
T-shirt 128,4466720.0,3.8,3,L,Women,2026-05-24T21:34:12.690168
Hoodie 129,2532480.0,4.5,3,XL,Unisex,2026-05-24T21:34:12.690230
Pants 130,6603520.0,4.8,3,XXL,Men,2026-05-24T21:34:12.690290
Jacket 132,6474880.0,4.2,3,M,Unisex,2026-05-24T21:34:12.690403
Crewneck 133,2016320.0,4.7,3,L,Men,2026-05-24T21:34:12.690458
T-shirt 134,5937440.0,3.2,3,XL,Women,2026-05-24T21:34:12.690513
Hoodie 135,5141440.0,4.7,3,XXL,Unisex,2026-05-24T21:34:12.690672
Outerwear 137,6988320.0,4.5,3,M,Women,2026-05-24T21:34:12.691061
Jacket 138,4635520.0,3.4,3,L,Unisex,2026-05-24T21:34:12.691151
Crewneck 139,8053120.0,4.5,3,XL,Men,2026-05-24T21:34:12.691230
T-shirt 140,6811040.0,3.5,3,XXL,Women,2026-05-24T21:34:12.691299
Pants 142,2325280.0,4.9,3,M,Men,2026-05-24T21:34:13.311398
Outerwear 143,3346560.0,4.9,3,L,Women,2026-05-24T21:34:13.311459
Jacket 144,5758240.0,4.3,3,XL,Unisex,2026-05-24T21:34:13.311516
Crewneck 145,3472800.0,4.8,3,XXL,Men,2026-05-24T21:34:13.311573
T-shirt 146,7688640.0,4.3,3,S,Women,2026-05-24T21:34:13.311628
Hoodie 147,3052800.0,5.0,3,M,Unisex,2026-05-24T21:34:13.311682
Pants 148,6033440.0,4.7,3,L,Men,2026-05-24T21:34:13.311736
Outerwear 149,3105920.0,3.2,3,XL,Women,2026-05-24T21:34:13.311791
Jacket 150,1500640.0,3.6,3,XXL,Unisex,2026-05-24T21:34:13.311848
T-shirt 152,6288640.0,4.2,3,M,Women,2026-05-24T21:34:13.311975
Hoodie 153,2660640.0,4.3,3,L,Unisex,2026-05-24T21:34:13.312048
Pants 154,2337440.0,3.0,3,XL,Men,2026-05-24T21:34:13.312108
Outerwear 155,3783200.0,4.1,3,XXL,Women,2026-05-24T21:34:13.312165
Jacket 156,6645120.0,3.6,3,S,Unisex,2026-05-24T21:34:13.312220
Crewneck 157,1105760.0,4.0,3,M,Men,2026-05-24T21:34:13.312277
T-shirt 158,7321120.0,4.0,3,L,Women,2026-05-24T21:34:13.312333
Hoodie 159,2371680.0,4.9,3,XL,Unisex,2026-05-24T21:34:13.312388
Pants 160,2802880.0,3.4,3,XXL,Men,2026-05-24T21:34:13.312442
Jacket 162,1543840.0,4.5,3,M,Unisex,2026-05-24T21:34:14.024503
Crewneck 163,7861920.0,4.4,3,L,Men,2026-05-24T21:34:14.024581
T-shirt 164,3512000.0,3.9,3,XL,Women,2026-05-24T21:34:14.024640
Hoodie 165,6921280.0,4.9,3,XXL,Unisex,2026-05-24T21:34:14.024698
Outerwear 167,3273760.0,3.1,3,M,Women,2026-05-24T21:34:14.024815
Jacket 168,870400.0,4.4,3,L,Unisex,2026-05-24T21:34:14.024877
Crewneck 169,8032800.0,4.7,3,XL,Men,2026-05-24T21:34:14.024936
T-shirt 170,6677920.0,4.5,3,XXL,Women,2026-05-24T21:34:14.024992
Pants 172,1566080.0,4.9,3,M,Men,2026-05-24T21:34:14.025105
Outerwear 173,7034560.0,4.6,3,L,Women,2026-05-24T21:34:14.025162
Jacket 174,6282240.0,3.3,3,XL,Unisex,2026-05-24T21:34:14.025218
Crewneck 175,8125120.0,4.5,3,XXL,Men,2026-05-24T21:34:14.025274
T-shirt 176,6104320.0,3.6,3,S,Women,2026-05-24T21:34:14.025329
Hoodie 177,1890400.0,4.6,3,M,Unisex,2026-05-24T21:34:14.025385
Pants 178,6184160.0,3.0,3,L,Men,2026-05-24T21:34:14.025440
Outerwear 179,5816640.0,3.5,3,XL,Women,2026-05-24T21:34:14.025494
Jacket 180,5552640.0,3.9,3,XXL,Unisex,2026-05-24T21:34:14.025548
T-shirt 182,2334880.0,3.8,3,M,Women,2026-05-24T21:34:14.654595
Hoodie 183,3904640.0,3.6,3,L,Unisex,2026-05-24T21:34:14.654653
Pants 184,7759520.0,4.5,3,XL,Men,2026-05-24T21:34:14.654710
Outerwear 185,7822880.0,3.2,3,XXL,Women,2026-05-24T21:34:14.654766
Jacket 186,6940480.0,4.2,3,S,Unisex,2026-05-24T21:34:14.654829
Crewneck 187,6663520.0,3.8,3,M,Men,2026-05-24T21:34:14.654888
T-shirt 188,3927840.0,4.4,3,L,Women,2026-05-24T21:34:14.654942
Hoodie 189,1946720.0,4.0,3,XL,Unisex,2026-05-24T21:34:14.654995
Pants 190,2220960.0,4.5,3,XXL,Men,2026-05-24T21:34:14.655051
Jacket 192,5066240.0,3.8,3,M,Unisex,2026-05-24T21:34:14.655159
Crewneck 193,7355680.0,4.1,3,L,Men,2026-05-24T21:34:14.655212
T-shirt 194,2818720.0,4.9,3,XL,Women,2026-05-24T21:34:14.655265
Hoodie 195,7208960.0,4.9,3,XXL,Unisex,2026-05-24T21:34:14.655318
Outerwear 197,5681600.0,4.9,3,M,Women,2026-05-24T21:34:14.655432
Jacket 198,5435040.0,4.5,3,L,Unisex,2026-05-24T21:34:14.655486
Crewneck 199,6744320.0,3.1,3,XL,Men,2026-05-24T21:34:14.655540
T-shirt 200,6289920.0,3.5,3,XXL,Women,2026-05-24T21:34:14.655593
Pants 202,5592480.0,3.3,3,M,Men,2026-05-24T21:34:15.024954
Outerwear 203,2144000.0,3.4,3,L,Women,2026-05-24T21:34:15.025016
Jacket 204,6031040.0,3.9,3,XL,Unisex,2026-05-24T21:34:15.025075
Crewneck 205,6434880.0,3.2,3,XXL,Men,2026-05-24T21:34:15.025133
T-shirt 206,4674720.0,4.5,3,S,Women,2026-05-24T21:34:15.025190
Hoodie 207,6101440.0,3.5,3,M,Unisex,2026-05-24T21:34:15.025246
Pants 208,4637600.0,3.1,3,L,Men,2026-05-24T21:34:15.025303
Outerwear 209,7980640.0,4.3,3,XL,Women,2026-05-24T21:34:15.025359
Jacket 210,7827360.0,4.7,3,XXL,Unisex,2026-05-24T21:34:15.025415
T-shirt 212,8794880.0,4.7,3,M,Women,2026-05-24T21:34:15.025527
Hoodie 213,5748000.0,3.6,3,L,Unisex,2026-05-24T21:34:15.025583
Pants 214,4315680.0,4.9,3,XL,Men,2026-05-24T21:34:15.025638
Outerwear 215,1449600.0,3.8,3,XXL,Women,2026-05-24T21:34:15.025697
Jacket 216,4576480.0,4.6,3,S,Unisex,2026-05-24T21:34:15.025753
Crewneck 217,5772960.0,4.8,3,M,Men,2026-05-24T21:34:15.025809
T-shirt 218,5600320.0,3.1,3,L,Women,2026-05-24T21:34:15.025864
Hoodie 219,5671040.0,4.6,3,XL,Unisex,2026-05-24T21:34:15.025920
Pants 220,3357600.0,3.2,3,XXL,Men,2026-05-24T21:34:15.025976
Jacket 222,7438080.0,3.4,3,M,Unisex,2026-05-24T21:34:15.389028
Crewneck 223,952960.0,4.8,3,L,Men,2026-05-24T21:34:15.389092
T-shirt 224,3534560.0,4.5,3,XL,Women,2026-05-24T21:34:15.389154
Hoodie 225,5232800.0,3.5,3,XXL,Unisex,2026-05-24T21:34:15.389216
Outerwear 227,6742560.0,4.8,3,M,Women,2026-05-24T21:34:15.389352
Jacket 228,8076800.0,4.5,3,L,Unisex,2026-05-24T21:34:15.389415
Crewneck 229,3101920.0,4.9,3,XL,Men,2026-05-24T21:34:15.389536
T-shirt 230,7133280.0,4.5,3,XXL,Women,2026-05-24T21:34:15.389606
Pants 232,8327360.000000001,4.0,3,M,Men,2026-05-24T21:34:15.389757
Outerwear 233,847360.0,4.8,3,L,Women,2026-05-24T21:34:15.389832
Jacket 234,1159200.0,4.5,3,XL,Unisex,2026-05-24T21:34:15.389902
Crewneck 235,6560320.0,3.4,3,XXL,Men,2026-05-24T21:34:15.389964
T-shirt 236,5492320.0,3.9,3,S,Women,2026-05-24T21:34:15.390024
Hoodie 237,4743520.0,3.1,3,M,Unisex,2026-05-24T21:34:15.390084
Pants 238,8301920.0,3.8,3,L,Men,2026-05-24T21:34:15.390143
Outerwear 239,7934080.0,3.1,3,XL,Women,2026-05-24T21:34:15.390202
Jacket 240,7600000.0,3.8,3,XXL,Unisex,2026-05-24T21:34:15.390261
T-shirt 242,4833600.0,3.4,3,M,Women,2026-05-24T21:34:15.731931
Hoodie 243,3371680.0,3.1,3,L,Unisex,2026-05-24T21:34:15.731993
Pants 244,8116160.0,3.1,3,XL,Men,2026-05-24T21:34:15.732050
Outerwear 245,1451680.0,4.0,3,XXL,Women,2026-05-24T21:34:15.732108
Jacket 246,8735040.0,3.1,3,S,Unisex,2026-05-24T21:34:15.732163
Crewneck 247,8769120.0,3.0,3,M,Men,2026-05-24T21:34:15.732219
T-shirt 248,2280000.0,4.5,3,L,Women,2026-05-24T21:34:15.732275
Hoodie 249,2149440.0,4.2,3,XL,Unisex,2026-05-24T21:34:15.732331
Pants 250,4314240.0,3.1,3,XXL,Men,2026-05-24T21:34:15.732413
Jacket 252,8408480.0,3.2,3,M,Unisex,2026-05-24T21:34:15.732586
Crewneck 253,1854720.0,3.9,3,L,Men,2026-05-24T21:34:15.732651
T-shirt 254,5984160.0,3.9,3,XL,Women,2026-05-24T21:34:15.732711
Hoodie 255,3668000.0,4.1,3,XXL,Unisex,2026-05-24T21:34:15.732769
Outerwear 257,7073120.0,5.0,3,M,Women,2026-05-24T21:34:15.732893
Jacket 258,2080639.9999999998,4.7,3,L,Unisex,2026-05-24T21:34:15.732951
Crewneck 259,2275520.0,3.3,3,XL,Men,2026-05-24T21:34:15.733020
T-shirt 260,6271520.0,3.5,3,XXL,Women,2026-05-24T21:34:15.733093
Pants 262,1097760.0,3.4,3,M,Men,2026-05-24T21:34:16.093271
Outerwear 263,1878400.0,4.2,3,L,Women,2026-05-24T21:34:16.093332
Jacket 264,2063040.0,4.8,3,XL,Unisex,2026-05-24T21:34:16.093413
Crewneck 265,2483040.0,3.5,3,XXL,Men,2026-05-24T21:34:16.093483
T-shirt 266,4842080.0,4.6,3,S,Women,2026-05-24T21:34:16.093543
Hoodie 267,4086240.0,4.3,3,M,Unisex,2026-05-24T21:34:16.093601
Pants 268,5005120.0,3.6,3,L,Men,2026-05-24T21:34:16.093660
Outerwear 269,8073920.0,3.1,3,XL,Women,2026-05-24T21:34:16.093716
Jacket 270,2569120.0,4.2,3,XXL,Unisex,2026-05-24T21:34:16.093775
T-shirt 272,5811840.0,3.3,3,M,Women,2026-05-24T21:34:16.093887
Hoodie 273,5291360.0,4.9,3,L,Unisex,2026-05-24T21:34:16.093944
Pants 274,3669280.0,4.2,3,XL,Men,2026-05-24T21:34:16.093999
Outerwear 275,5575360.0,4.8,3,XXL,Women,2026-05-24T21:34:16.094055
Jacket 276,1013600.0,4.3,3,S,Unisex,2026-05-24T21:34:16.094112
Crewneck 277,2383680.0,4.7,3,M,Men,2026-05-24T21:34:16.094167
T-shirt 278,2087360.0000000002,3.8,3,L,Women,2026-05-24T21:34:16.094245
Hoodie 279,5592320.0,4.7,3,XL,Unisex,2026-05-24T21:34:16.094308
Pants 280,7501440.0,3.9,3,XXL,Men,2026-05-24T21:34:16.094370
Jacket 282,2227040.0,3.0,3,M,Unisex,2026-05-24T21:34:16.675380
Crewneck 283,6633120.0,3.2,3,L,Men,2026-05-24T21:34:16.675442
T-shirt 284,6568000.0,3.6,3,XL,Women,2026-05-24T21:34:16.675500
Hoodie 285,3009120.0,3.2,3,XXL,Unisex,2026-05-24T21:34:16.675559
Outerwear 287,5273600.0,3.7,3,M,Women,2026-05-24T21:34:16.675679
Jacket 288,3123040.0,4.1,3,L,Unisex,2026-05-24T21:34:16.675735
Crewneck 289,888000.0,4.0,3,XL,Men,2026-05-24T21:34:16.675790
T-shirt 290,6425120.0,4.2,3,XXL,Women,2026-05-24T21:34:16.675886
Pants 292,2384480.0,3.9,3,M,Men,2026-05-24T21:34:16.676023
Outerwear 293,1176160.0,4.5,3,L,Women,2026-05-24T21:34:16.676087
Jacket 294,5947200.0,3.8,3,XL,Unisex,2026-05-24T21:34:16.676144
Crewneck 295,7266720.0,4.9,3,XXL,Men,2026-05-24T21:34:16.676220
T-shirt 296,1172160.0,3.1,3,S,Women,2026-05-24T21:34:16.676290
Hoodie 297,7801120.0,3.6,3,M,Unisex,2026-05-24T21:34:16.676350
Pants 298,2426080.0,4.8,3,L,Men,2026-05-24T21:34:16.676409
Outerwear 299,1947840.0,4.3,3,XL,Women,2026-05-24T21:34:16.676468
Jacket 300,6408480.0,4.0,3,XXL,Unisex,2026-05-24T21:34:16.676599
T-shirt 302,5711200.0,3.2,3,M,Women,2026-05-24T21:34:17.281168
Hoodie 303,7974560.0,4.1,3,L,Unisex,2026-05-24T21:34:17.281234
Pants 304,7129760.0,3.4,3,XL,Men,2026-05-24T21:34:17.281300
Outerwear 305,6325440.0,4.5,3,XXL,Women,2026-05-24T21:34:17.281368
Jacket 306,7575040.0,4.2,3,S,Unisex,2026-05-24T21:34:17.281429
Crewneck 307,7735200.0,3.7,3,M,Men,2026-05-24T21:34:17.281490
T-shirt 308,4086080.0,4.1,3,L,Women,2026-05-24T21:34:17.281902
Hoodie 309,3953120.0,4.8,3,XL,Unisex,2026-05-24T21:34:17.283913
Pants 310,6329280.0,4.7,3,XXL,Men,2026-05-24T21:34:17.284388
Jacket 312,7267040.0,3.8,3,M,Unisex,2026-05-24T21:34:17.284584
Crewneck 313,1948320.0,3.1,3,L,Men,2026-05-24T21:34:17.284743
T-shirt 314,6017120.0,3.2,3,XL,Women,2026-05-24T21:34:17.284819
Hoodie 315,7022880.0,3.1,3,XXL,Unisex,2026-05-24T21:34:17.284888
Outerwear 317,5259040.0,3.3,3,M,Women,2026-05-24T21:34:17.285027
Jacket 318,5667200.0,3.7,3,L,Unisex,2026-05-24T21:34:17.285127
Crewneck 319,3085920.0,3.3,3,XL,Men,2026-05-24T21:34:17.285201
T-shirt 320,829440.0,3.3,3,XXL,Women,2026-05-24T21:34:17.285264
Pants 322,7810400.0,3.2,3,M,Men,2026-05-24T21:34:18.036239
Outerwear 323,8468000.0,3.1,3,L,Women,2026-05-24T21:34:18.036303
Jacket 324,6082720.0,3.3,3,XL,Unisex,2026-05-24T21:34:18.036361
Crewneck 325,3001760.0,3.4,3,XXL,Men,2026-05-24T21:34:18.036421
T-shirt 326,4519360.0,4.9,3,S,Women,2026-05-24T21:34:18.036478
Hoodie 327,6641440.0,4.4,3,M,Unisex,2026-05-24T21:34:18.036570
Pants 328,5732960.0,4.5,3,L,Men,2026-05-24T21:34:18.036631
Outerwear 329,6724160.0,4.7,3,XL,Women,2026-05-24T21:34:18.036723
Jacket 330,1591200.0,4.3,3,XXL,Unisex,2026-05-24T21:34:18.036786
T-shirt 332,2335680.0,3.4,3,M,Women,2026-05-24T21:34:18.036908
Hoodie 333,1746080.0,4.8,3,L,Unisex,2026-05-24T21:34:18.036968
Pants 334,2409440.0,3.8,3,XL,Men,2026-05-24T21:34:18.037025
Outerwear 335,2826720.0,3.0,3,XXL,Women,2026-05-24T21:34:18.037083
Jacket 336,6237760.0,5.0,3,S,Unisex,2026-05-24T21:34:18.037140
Crewneck 337,8608800.0,4.3,3,M,Men,2026-05-24T21:34:18.037198
T-shirt 338,2883360.0,3.9,3,L,Women,2026-05-24T21:34:18.037255
Hoodie 339,4424800.0,4.9,3,XL,Unisex,2026-05-24T21:34:18.037311
Pants 340,5975200.0,4.3,3,XXL,Men,2026-05-24T21:34:18.037366
Jacket 342,1827680.0,4.8,3,M,Unisex,2026-05-24T21:34:19.383295
Crewneck 343,2279040.0,4.1,3,L,Men,2026-05-24T21:34:19.383354
T-shirt 344,3415680.0,4.5,3,XL,Women,2026-05-24T21:34:19.383411
Hoodie 345,7577440.0,3.3,3,XXL,Unisex,2026-05-24T21:34:19.383469
Outerwear 347,6986080.0,4.7,3,M,Women,2026-05-24T21:34:19.383587
Jacket 348,3195040.0,4.6,3,L,Unisex,2026-05-24T21:34:19.383643
Crewneck 349,6085600.0,3.5,3,XL,Men,2026-05-24T21:34:19.383698
T-shirt 350,8047680.0,5.0,3,XXL,Women,2026-05-24T21:34:19.383753
Pants 352,2838880.0,4.0,3,M,Men,2026-05-24T21:34:19.383866
Outerwear 353,961600.0,3.6,3,L,Women,2026-05-24T21:34:19.383921
Jacket 354,2294720.0,3.8,3,XL,Unisex,2026-05-24T21:34:19.383977
Crewneck 355,4246560.0,3.2,3,XXL,Men,2026-05-24T21:34:19.384033
T-shirt 356,7150080.0,4.3,3,S,Women,2026-05-24T21:34:19.384088
Hoodie 357,3739360.0,3.6,3,M,Unisex,2026-05-24T21:34:19.384143
Pants 358,8479520.0,3.9,3,L,Men,2026-05-24T21:34:19.384197
Outerwear 359,1696480.0,4.3,3,XL,Women,2026-05-24T21:34:19.384254
Jacket 360,8788320.0,4.8,3,XXL,Unisex,2026-05-24T21:34:19.384308
T-shirt 362,4776800.0,5.0,3,M,Women,2026-05-24T21:34:19.997679
Hoodie 363,1171360.0,3.2,3,L,Unisex,2026-05-24T21:34:19.997740
Pants 364,4972800.0,4.8,3,XL,Men,2026-05-24T21:34:19.997802
Outerwear 365,6956480.0,4.5,3,XXL,Women,2026-05-24T21:34:19.997885
Jacket 366,5854880.0,4.9,3,S,Unisex,2026-05-24T21:34:19.997950
Crewneck 367,8359360.000000001,4.9,3,M,Men,2026-05-24T21:34:19.998009
T-shirt 368,965120.0,3.2,3,L,Women,2026-05-24T21:34:19.998067
Hoodie 369,7204960.0,4.7,3,XL,Unisex,2026-05-24T21:34:19.998122
Pants 370,4559680.0,3.6,3,XXL,Men,2026-05-24T21:34:19.998178
Jacket 372,5052960.0,3.6,3,M,Unisex,2026-05-24T21:34:19.998290
Crewneck 373,2231040.0,3.6,3,L,Men,2026-05-24T21:34:19.998345
T-shirt 374,7697120.0,3.9,3,XL,Women,2026-05-24T21:34:19.998399
Hoodie 375,7027520.0,3.9,3,XXL,Unisex,2026-05-24T21:34:19.998455
Outerwear 377,6802080.0,4.8,3,M,Women,2026-05-24T21:34:19.998572
Jacket 378,3402400.0,3.6,3,L,Unisex,2026-05-24T21:34:19.998628
Crewneck 379,3963200.0,4.4,3,XL,Men,2026-05-24T21:34:19.998682
T-shirt 380,2547040.0,3.8,3,XXL,Women,2026-05-24T21:34:19.998736
Pants 382,1356160.0,4.4,3,M,Men,2026-05-24T21:34:20.341948
Outerwear 383,3431040.0,3.4,3,L,Women,2026-05-24T21:34:20.342016
Jacket 384,1452960.0,3.3,3,XL,Unisex,2026-05-24T21:34:20.342081
Crewneck 385,7950720.0,4.9,3,XXL,Men,2026-05-24T21:34:20.342146
T-shirt 386,4793600.0,4.6,3,S,Women,2026-05-24T21:34:20.342209
Hoodie 387,8418080.0,4.2,3,M,Unisex,2026-05-24T21:34:20.342288
Pants 388,931200.0,3.1,3,L,Men,2026-05-24T21:34:20.342379
Outerwear 389,2883200.0,5.0,3,XL,Women,2026-05-24T21:34:20.342448
Jacket 390,5432960.0,3.3,3,XXL,Unisex,2026-05-24T21:34:20.342520
T-shirt 392,1226080.0,4.4,3,M,Women,2026-05-24T21:34:20.342651
Hoodie 393,4068480.0,3.2,3,L,Unisex,2026-05-24T21:34:20.342725
Pants 394,3540000.0,3.3,3,XL,Men,2026-05-24T21:34:20.342794
Outerwear 395,3098720.0,4.0,3,XXL,Women,2026-05-24T21:34:20.342865
Jacket 396,2505280.0,3.9,3,S,Unisex,2026-05-24T21:34:20.342935
Crewneck 397,855360.0,3.6,3,M,Men,2026-05-24T21:34:20.343003
T-shirt 398,4592800.0,4.7,3,L,Women,2026-05-24T21:34:20.343072
Hoodie 399,2523520.0,3.6,3,XL,Unisex,2026-05-24T21:34:20.343141
Pants 400,6020640.0,4.7,3,XXL,Men,2026-05-24T21:34:20.343211
Jacket 402,2029120.0,4.6,3,M,Unisex,2026-05-24T21:34:20.943604
Crewneck 403,1580320.0,4.1,3,L,Men,2026-05-24T21:34:20.943672
T-shirt 404,3501120.0,4.9,3,XL,Women,2026-05-24T21:34:20.943734
Hoodie 405,5080160.0,3.8,3,XXL,Unisex,2026-05-24T21:34:20.943791
Outerwear 407,2761280.0,3.7,3,M,Women,2026-05-24T21:34:20.943907
Jacket 408,4176000.0,4.9,3,L,Unisex,2026-05-24T21:34:20.943964
Crewneck 409,3221760.0,3.5,3,XL,Men,2026-05-24T21:34:20.944019
T-shirt 410,1586720.0,3.1,3,XXL,Women,2026-05-24T21:34:20.944075
Pants 412,5438240.0,4.4,3,M,Men,2026-05-24T21:34:20.944185
Outerwear 413,1306400.0,3.4,3,L,Women,2026-05-24T21:34:20.944239
Jacket 414,2234720.0,3.7,3,XL,Unisex,2026-05-24T21:34:20.944294
Crewneck 415,3617440.0,3.1,3,XXL,Men,2026-05-24T21:34:20.944349
T-shirt 416,4454080.0,3.1,3,S,Women,2026-05-24T21:34:20.944405
Hoodie 417,2769440.0,4.6,3,M,Unisex,2026-05-24T21:34:20.944495
Pants 418,6307840.0,5.0,3,L,Men,2026-05-24T21:34:20.944651
Outerwear 419,7004000.0,5.0,3,XL,Women,2026-05-24T21:34:20.944715
Jacket 420,2472640.0,3.1,3,XXL,Unisex,2026-05-24T21:34:20.944774
T-shirt 422,924320.0,3.9,3,M,Women,2026-05-24T21:34:21.615970
Hoodie 423,4601760.0,3.7,3,L,Unisex,2026-05-24T21:34:21.616031
Pants 424,3865760.0,4.4,3,XL,Men,2026-05-24T21:34:21.616088
Outerwear 425,2528480.0,4.8,3,XXL,Women,2026-05-24T21:34:21.616146
Jacket 426,3462400.0,3.4,3,S,Unisex,2026-05-24T21:34:21.616205
Crewneck 427,6375200.0,3.3,3,M,Men,2026-05-24T21:34:21.616262
T-shirt 428,7053120.0,4.9,3,L,Women,2026-05-24T21:34:21.616319
Hoodie 429,1658560.0,4.9,3,XL,Unisex,2026-05-24T21:34:21.616411
Pants 430,1442080.0,3.9,3,XXL,Men,2026-05-24T21:34:21.616478
Jacket 432,2151840.0,4.5,3,M,Unisex,2026-05-24T21:34:21.616633
Crewneck 433,3872480.0,4.2,3,L,Men,2026-05-24T21:34:21.616692
T-shirt 434,6557120.0,4.9,3,XL,Women,2026-05-24T21:34:21.616751
Hoodie 435,1015680.0,4.0,3,XXL,Unisex,2026-05-24T21:34:21.616810
Outerwear 437,1016800.0,3.9,3,M,Women,2026-05-24T21:34:21.616933
Jacket 438,2453120.0,4.5,3,L,Unisex,2026-05-24T21:34:21.616990
Crewneck 439,4005440.0,3.2,3,XL,Men,2026-05-24T21:34:21.617046
T-shirt 440,5326080.0,3.0,3,XXL,Women,2026-05-24T21:34:21.617101
Pants 442,4701600.0,4.3,3,M,Men,2026-05-24T21:34:21.992692
Outerwear 443,7262720.0,4.2,3,L,Women,2026-05-24T21:34:21.992761
Jacket 444,4016960.0,3.3,3,XL,Unisex,2026-05-24T21:34:21.992828
Crewneck 445,3574240.0,4.5,3,XXL,Men,2026-05-24T21:34:21.992892
T-shirt 446,7740160.0,3.2,3,S,Women,2026-05-24T21:34:21.992957
Hoodie 447,4748640.0,4.0,3,M,Unisex,2026-05-24T21:34:21.993021
Pants 448,820160.0,4.4,3,L,Men,2026-05-24T21:34:21.993085
Outerwear 449,6410080.0,4.0,3,XL,Women,2026-05-24T21:34:21.993147
Jacket 450,8754880.0,3.1,3,XXL,Unisex,2026-05-24T21:34:21.993213
T-shirt 452,6892800.0,4.4,3,M,Women,2026-05-24T21:34:21.993344
Hoodie 453,6576960.0,4.2,3,L,Unisex,2026-05-24T21:34:21.993409
Pants 454,2179520.0,5.0,3,XL,Men,2026-05-24T21:34:21.993466
Outerwear 455,1094080.0,4.8,3,XXL,Women,2026-05-24T21:34:21.993523
Jacket 456,8096000.0,4.1,3,S,Unisex,2026-05-24T21:34:21.993580
Crewneck 457,7342880.0,4.8,3,M,Men,2026-05-24T21:34:21.993636
T-shirt 458,4240000.0,4.4,3,L,Women,2026-05-24T21:34:21.993695
Hoodie 459,3237280.0,3.5,3,XL,Unisex,2026-05-24T21:34:21.993753
Pants 460,1880800.0,3.6,3,XXL,Men,2026-05-24T21:34:21.993810
Jacket 462,6767840.0,4.5,3,M,Unisex,2026-05-24T21:34:22.335941
Crewneck 463,7539520.0,4.5,3,L,Men,2026-05-24T21:34:22.336019
T-shirt 464,6070080.0,4.5,3,XL,Women,2026-05-24T21:34:22.336085
Hoodie 465,6164320.0,4.7,3,XXL,Unisex,2026-05-24T21:34:22.336150
Outerwear 467,1325920.0,3.5,3,M,Women,2026-05-24T21:34:22.336286
Jacket 468,4584960.0,3.7,3,L,Unisex,2026-05-24T21:34:22.336391
Crewneck 469,1738880.0,4.2,3,XL,Men,2026-05-24T21:34:22.337154
T-shirt 470,7738880.0,3.1,3,XXL,Women,2026-05-24T21:34:22.337627
Pants 472,3902080.0,3.1,3,M,Men,2026-05-24T21:34:22.338208
Outerwear 473,5478080.0,4.2,3,L,Women,2026-05-24T21:34:22.338309
Jacket 474,5864960.0,4.7,3,XL,Unisex,2026-05-24T21:34:22.338375
Crewneck 475,7017280.0,4.6,3,XXL,Men,2026-05-24T21:34:22.338436
T-shirt 476,3986240.0,4.3,3,S,Women,2026-05-24T21:34:22.338611
Hoodie 477,6626080.0,4.2,3,M,Unisex,2026-05-24T21:34:22.338691
Pants 478,4912000.0,3.8,3,L,Men,2026-05-24T21:34:22.338763
Outerwear 479,7302400.0,4.4,3,XL,Women,2026-05-24T21:34:22.338828
Jacket 480,4986240.0,4.2,3,XXL,Unisex,2026-05-24T21:34:22.338891
T-shirt 482,3352480.0,4.8,3,M,Women,2026-05-24T21:34:22.705184
Hoodie 483,4035040.0,4.2,3,L,Unisex,2026-05-24T21:34:22.705263
Pants 484,6428640.0,4.1,3,XL,Men,2026-05-24T21:34:22.705338
Outerwear 485,4044480.0,4.7,3,XXL,Women,2026-05-24T21:34:22.705413
Jacket 486,2573760.0,3.0,3,S,Unisex,2026-05-24T21:34:22.705487
Crewneck 487,6955520.0,3.7,3,M,Men,2026-05-24T21:34:22.705562
T-shirt 488,8789760.0,3.8,3,L,Women,2026-05-24T21:34:22.705636
Hoodie 489,3554560.0,5.0,3,XL,Unisex,2026-05-24T21:34:22.705711
Pants 490,7081600.0,3.1,3,XXL,Men,2026-05-24T21:34:22.705787
Jacket 492,6011840.0,3.0,3,M,Unisex,2026-05-24T21:34:22.705935
Crewneck 493,5071520.0,4.8,3,L,Men,2026-05-24T21:34:22.706008
T-shirt 494,1390080.0,3.4,3,XL,Women,2026-05-24T21:34:22.706083
Hoodie 495,1663200.0,4.5,3,XXL,Unisex,2026-05-24T21:34:22.706154
Outerwear 497,3957760.0,4.4,3,M,Women,2026-05-24T21:34:22.706347
Jacket 498,4412800.0,4.6,3,L,Unisex,2026-05-24T21:34:22.706424
Crewneck 499,7825920.0,4.1,3,XL,Men,2026-05-24T21:34:22.706499
T-shirt 500,8114400.0,4.2,3,XXL,Women,2026-05-24T21:34:22.706571
Pants 502,7132480.0,4.4,3,M,Men,2026-05-24T21:34:23.060961
Outerwear 503,4924480.0,4.8,3,L,Women,2026-05-24T21:34:23.061034
Jacket 504,8024480.0,5.0,3,XL,Unisex,2026-05-24T21:34:23.061103
Crewneck 505,8747680.0,4.3,3,XXL,Men,2026-05-24T21:34:23.061168
T-shirt 506,8572000.0,3.6,3,S,Women,2026-05-24T21:34:23.061231
Hoodie 507,6844000.0,4.7,3,M,Unisex,2026-05-24T21:34:23.061321
Pants 508,7766080.0,3.5,3,L,Men,2026-05-24T21:34:23.061393
Outerwear 509,7178400.0,3.1,3,XL,Women,2026-05-24T21:34:23.061458
Jacket 510,1562080.0,3.4,3,XXL,Unisex,2026-05-24T21:34:23.061525
T-shirt 512,4319680.0,3.7,3,M,Women,2026-05-24T21:34:23.061654
Hoodie 513,1693760.0,4.4,3,L,Unisex,2026-05-24T21:34:23.061715
Pants 514,6888960.0,3.9,3,XL,Men,2026-05-24T21:34:23.061772
Outerwear 515,7262560.0,3.1,3,XXL,Women,2026-05-24T21:34:23.061830
Jacket 516,7130720.0,3.4,3,S,Unisex,2026-05-24T21:34:23.061887
Crewneck 517,1069280.0,3.5,3,M,Men,2026-05-24T21:34:23.061949
T-shirt 518,2575680.0,4.1,3,L,Women,2026-05-24T21:34:23.062009
Hoodie 519,2236160.0,4.5,3,XL,Unisex,2026-05-24T21:34:23.062113
Pants 520,2308320.0,3.8,3,XXL,Men,2026-05-24T21:34:23.062261
Jacket 522,6292960.0,4.0,3,M,Unisex,2026-05-24T21:34:23.498419
Crewneck 523,3626720.0,4.6,3,L,Men,2026-05-24T21:34:23.498492
T-shirt 524,936000.0,3.8,3,XL,Women,2026-05-24T21:34:23.498554
Hoodie 525,7919040.0,3.6,3,XXL,Unisex,2026-05-24T21:34:23.498615
Outerwear 527,4669280.0,3.6,3,M,Women,2026-05-24T21:34:23.498745
Jacket 528,5595840.0,4.0,3,L,Unisex,2026-05-24T21:34:23.498804
Crewneck 529,1420160.0,3.2,3,XL,Men,2026-05-24T21:34:23.498864
T-shirt 530,6173760.0,3.3,3,XXL,Women,2026-05-24T21:34:23.498923
Pants 532,8391200.0,4.1,3,M,Men,2026-05-24T21:34:23.499038
Outerwear 533,3370240.0,4.2,3,L,Women,2026-05-24T21:34:23.499142
Jacket 534,3479200.0,3.7,3,XL,Unisex,2026-05-24T21:34:23.499217
Crewneck 535,3901280.0,3.7,3,XXL,Men,2026-05-24T21:34:23.499280
T-shirt 536,5092480.0,3.0,3,S,Women,2026-05-24T21:34:23.499341
Hoodie 537,8671840.0,3.1,3,M,Unisex,2026-05-24T21:34:23.499422
Pants 538,6134240.0,3.4,3,L,Men,2026-05-24T21:34:23.499493
Outerwear 539,4692640.0,4.7,3,XL,Women,2026-05-24T21:34:23.499553
Jacket 540,7051840.0,4.4,3,XXL,Unisex,2026-05-24T21:34:23.499616
T-shirt 542,4761440.0,3.5,3,M,Women,2026-05-24T21:34:24.795743
Hoodie 543,8715680.0,4.7,3,L,Unisex,2026-05-24T21:34:24.795806
Pants 544,5957760.0,3.1,3,XL,Men,2026-05-24T21:34:24.795865
Outerwear 545,3579360.0,4.0,3,XXL,Women,2026-05-24T21:34:24.795925
Jacket 546,6271520.0,3.3,3,S,Unisex,2026-05-24T21:34:24.795983
Crewneck 547,5361120.0,3.9,3,M,Men,2026-05-24T21:34:24.796040
T-shirt 548,2686240.0,4.6,3,L,Women,2026-05-24T21:34:24.796099
Hoodie 549,2687200.0,3.7,3,XL,Unisex,2026-05-24T21:34:24.796173
Pants 550,4450080.0,4.9,3,XXL,Men,2026-05-24T21:34:24.796234
Jacket 552,5380320.0,4.1,3,M,Unisex,2026-05-24T21:34:24.796353
Crewneck 553,7760800.0,3.8,3,L,Men,2026-05-24T21:34:24.796410
T-shirt 554,4001120.0,4.5,3,XL,Women,2026-05-24T21:34:24.796468
Hoodie 555,1809600.0,3.0,3,XXL,Unisex,2026-05-24T21:34:24.796526
Outerwear 557,5460480.0,3.4,3,M,Women,2026-05-24T21:34:24.796696
Jacket 558,5007040.0,4.0,3,L,Unisex,2026-05-24T21:34:24.796780
Crewneck 559,1590880.0,3.5,3,XL,Men,2026-05-24T21:34:24.796852
T-shirt 560,6885280.0,4.2,3,XXL,Women,2026-05-24T21:34:24.797139
Pants 562,3724160.0,4.5,3,M,Men,2026-05-24T21:34:26.041474
Outerwear 563,8197440.000000001,4.7,3,L,Women,2026-05-24T21:34:26.041534
Jacket 564,8319200.000000001,4.3,3,XL,Unisex,2026-05-24T21:34:26.041591
Crewneck 565,7635200.0,3.5,3,XXL,Men,2026-05-24T21:34:26.041647
T-shirt 566,2611360.0,4.6,3,S,Women,2026-05-24T21:34:26.041703
Hoodie 567,4576160.0,3.2,3,M,Unisex,2026-05-24T21:34:26.041759
Pants 568,2984160.0,3.3,3,L,Men,2026-05-24T21:34:26.041814
Outerwear 569,4966880.0,4.7,3,XL,Women,2026-05-24T21:34:26.041870
Jacket 570,4000960.0,3.9,3,XXL,Unisex,2026-05-24T21:34:26.041926
T-shirt 572,4756320.0,3.2,3,M,Women,2026-05-24T21:34:26.042102
Hoodie 573,6954080.0,4.5,3,L,Unisex,2026-05-24T21:34:26.042461
Pants 574,2424000.0,3.8,3,XL,Men,2026-05-24T21:34:26.042792
Outerwear 575,3517760.0,3.4,3,XXL,Women,2026-05-24T21:34:26.042992
Jacket 576,805600.0,3.5,3,S,Unisex,2026-05-24T21:34:26.043063
Crewneck 577,7873920.0,3.3,3,M,Men,2026-05-24T21:34:26.043124
T-shirt 578,7958880.0,4.1,3,L,Women,2026-05-24T21:34:26.043183
Hoodie 579,4428640.0,4.4,3,XL,Unisex,2026-05-24T21:34:26.043242
Pants 580,2625440.0,3.3,3,XXL,Men,2026-05-24T21:34:26.043299
Jacket 582,4112160.0,4.1,3,M,Unisex,2026-05-24T21:34:26.944435
Crewneck 583,5737760.0,4.5,3,L,Men,2026-05-24T21:34:26.944578
T-shirt 584,6964960.0,4.8,3,XL,Women,2026-05-24T21:34:26.944726
Hoodie 585,6186880.0,4.9,3,XXL,Unisex,2026-05-24T21:34:26.944870
Outerwear 587,4424960.0,4.4,3,M,Women,2026-05-24T21:34:26.945210
Jacket 588,4963040.0,4.7,3,L,Unisex,2026-05-24T21:34:26.945303
Crewneck 589,931840.0,4.7,3,XL,Men,2026-05-24T21:34:26.945433
T-shirt 590,6457120.0,3.9,3,XXL,Women,2026-05-24T21:34:26.945551
Pants 592,6805440.0,4.3,3,M,Men,2026-05-24T21:34:26.945800
Outerwear 593,7163840.0,3.9,3,L,Women,2026-05-24T21:34:26.945935
Jacket 594,8707680.0,4.2,3,XL,Unisex,2026-05-24T21:34:26.946024
Crewneck 595,3723840.0,3.5,3,XXL,Men,2026-05-24T21:34:26.946427
T-shirt 596,8290400.0,4.4,3,S,Women,2026-05-24T21:34:26.946672
Hoodie 597,7969440.0,3.3,3,M,Unisex,2026-05-24T21:34:26.946811
Pants 598,4714080.0,4.1,3,L,Men,2026-05-24T21:34:26.946914
Outerwear 599,1179040.0,3.3,3,XL,Women,2026-05-24T21:34:26.947010
Jacket 600,6414080.0,3.0,3,XXL,Unisex,2026-05-24T21:34:26.947136
T-shirt 602,2260960.0,4.4,3,M,Women,2026-05-24T21:34:27.908244
Hoodie 603,7511520.0,3.1,3,L,Unisex,2026-05-24T21:34:27.908364
Pants 604,7662240.0,4.3,3,XL,Men,2026-05-24T21:34:27.908481
Outerwear 605,1710720.0,3.7,3,XXL,Women,2026-05-24T21:34:27.908671
Jacket 606,5770720.0,4.6,3,S,Unisex,2026-05-24T21:34:27.908802
Crewneck 607,3857600.0,3.1,3,M,Men,2026-05-24T21:34:27.908924
T-shirt 608,7047840.0,4.6,3,L,Women,2026-05-24T21:34:27.909047
Hoodie 609,2956320.0,4.1,3,XL,Unisex,2026-05-24T21:34:27.909166
Pants 610,4515360.0,3.3,3,XXL,Men,2026-05-24T21:34:27.909286
Jacket 612,3202720.0,3.1,3,M,Unisex,2026-05-24T21:34:27.909521
Crewneck 613,1013920.0,3.6,3,L,Men,2026-05-24T21:34:27.909638
T-shirt 614,2428160.0,3.1,3,XL,Women,2026-05-24T21:34:27.909755
Hoodie 615,4798720.0,4.8,3,XXL,Unisex,2026-05-24T21:34:27.909867
Outerwear 617,1765920.0,4.3,3,M,Women,2026-05-24T21:34:27.910170
Jacket 618,6474080.0,3.3,3,L,Unisex,2026-05-24T21:34:27.910287
Crewneck 619,8340639.999999999,4.4,3,XL,Men,2026-05-24T21:34:27.910404
T-shirt 620,2270240.0,3.3,3,XXL,Women,2026-05-24T21:34:27.910515
Pants 622,4849600.0,3.5,3,M,Men,2026-05-24T21:34:28.839056
Outerwear 623,7299520.0,4.6,3,L,Women,2026-05-24T21:34:28.840070
Jacket 624,6943200.0,3.9,3,XL,Unisex,2026-05-24T21:34:28.840634
Crewneck 625,7826400.0,4.1,3,XXL,Men,2026-05-24T21:34:28.840863
T-shirt 626,7777440.0,4.5,3,S,Women,2026-05-24T21:34:28.841000
Hoodie 627,1232320.0,3.2,3,M,Unisex,2026-05-24T21:34:28.841130
Pants 628,8113120.0,4.3,3,L,Men,2026-05-24T21:34:28.841257
Outerwear 629,3997920.0,4.4,3,XL,Women,2026-05-24T21:34:28.841380
Jacket 630,1003680.0,3.8,3,XXL,Unisex,2026-05-24T21:34:28.841508
T-shirt 632,4314240.0,3.6,3,M,Women,2026-05-24T21:34:28.842379
Hoodie 633,3128000.0,3.1,3,L,Unisex,2026-05-24T21:34:28.843823
Pants 634,8535680.0,3.9,3,XL,Men,2026-05-24T21:34:28.845643
Outerwear 635,6897120.0,4.1,3,XXL,Women,2026-05-24T21:34:28.846180
Jacket 636,3476320.0,4.5,3,S,Unisex,2026-05-24T21:34:28.846520
Crewneck 637,6030240.0,4.0,3,M,Men,2026-05-24T21:34:28.846767
T-shirt 638,5220960.0,4.6,3,L,Women,2026-05-24T21:34:28.847223
Hoodie 639,6782720.0,4.7,3,XL,Unisex,2026-05-24T21:34:28.848106
Pants 640,3038560.0,3.8,3,XXL,Men,2026-05-24T21:34:28.848352
Jacket 642,7747360.0,4.7,3,M,Unisex,2026-05-24T21:34:29.448761
Crewneck 643,6116000.0,3.2,3,L,Men,2026-05-24T21:34:29.449104
T-shirt 644,7479360.0,4.2,3,XL,Women,2026-05-24T21:34:29.449245
Hoodie 645,3285440.0,3.3,3,XXL,Unisex,2026-05-24T21:34:29.449378
Outerwear 647,4304960.0,3.8,3,M,Women,2026-05-24T21:34:29.450600
Jacket 648,8699520.0,4.5,3,L,Unisex,2026-05-24T21:34:29.450762
Crewneck 649,8588160.0,3.2,3,XL,Men,2026-05-24T21:34:29.450949
T-shirt 650,8012800.0,3.4,3,XXL,Women,2026-05-24T21:34:29.451126
Pants 652,6084960.0,3.3,3,M,Men,2026-05-24T21:34:29.451415
Outerwear 653,2622080.0,4.0,3,L,Women,2026-05-24T21:34:29.451543
Jacket 654,4089440.0,4.7,3,XL,Unisex,2026-05-24T21:34:29.451668
Crewneck 655,1834240.0,4.1,3,XXL,Men,2026-05-24T21:34:29.451796
T-shirt 656,2538720.0,4.2,3,S,Women,2026-05-24T21:34:29.451978
Hoodie 657,8459040.0,4.8,3,M,Unisex,2026-05-24T21:34:29.452123
Pants 658,6268320.0,3.8,3,L,Men,2026-05-24T21:34:29.452256
Outerwear 659,1817920.0,3.3,3,XL,Women,2026-05-24T21:34:29.452384
Jacket 660,8715200.0,3.5,3,XXL,Unisex,2026-05-24T21:34:29.452514
T-shirt 662,1422720.0,4.5,3,M,Women,2026-05-24T21:34:30.510161
Hoodie 663,7087200.0,4.0,3,L,Unisex,2026-05-24T21:34:30.510301
Pants 664,8248639.999999999,3.5,3,XL,Men,2026-05-24T21:34:30.510430
Outerwear 665,4033600.0,3.2,3,XXL,Women,2026-05-24T21:34:30.510552
Jacket 666,4844000.0,3.9,3,S,Unisex,2026-05-24T21:34:30.510673
Crewneck 667,1756640.0,3.7,3,M,Men,2026-05-24T21:34:30.510793
T-shirt 668,5044640.0,3.7,3,L,Women,2026-05-24T21:34:30.510913
Hoodie 669,2346080.0,3.3,3,XL,Unisex,2026-05-24T21:34:30.511080
Pants 670,8406720.0,4.8,3,XXL,Men,2026-05-24T21:34:30.511220
Jacket 672,4776160.0,4.5,3,M,Unisex,2026-05-24T21:34:30.511478
Crewneck 673,2803360.0,4.7,3,L,Men,2026-05-24T21:34:30.511601
T-shirt 674,3156640.0,3.1,3,XL,Women,2026-05-24T21:34:30.511726
Hoodie 675,4314880.0,3.2,3,XXL,Unisex,2026-05-24T21:34:30.511848
Outerwear 677,4657440.0,3.3,3,M,Women,2026-05-24T21:34:30.512168
Jacket 678,2777120.0,4.3,3,L,Unisex,2026-05-24T21:34:30.512297
Crewneck 679,6373120.0,3.2,3,XL,Men,2026-05-24T21:34:30.512423
T-shirt 680,8164800.0,3.2,3,XXL,Women,2026-05-24T21:34:30.512617
Pants 682,7616480.0,3.9,3,M,Men,2026-05-24T21:34:32.331541
Outerwear 683,3907360.0,3.6,3,L,Women,2026-05-24T21:34:32.331721
Jacket 684,7102560.0,3.5,3,XL,Unisex,2026-05-24T21:34:32.331858
Crewneck 685,1495840.0,4.6,3,XXL,Men,2026-05-24T21:34:32.331979
T-shirt 686,5381760.0,3.8,3,S,Women,2026-05-24T21:34:32.332098
Hoodie 687,4220800.0,4.7,3,M,Unisex,2026-05-24T21:34:32.332214
Pants 688,1487520.0,4.4,3,L,Men,2026-05-24T21:34:32.332334
Outerwear 689,1939040.0,4.6,3,XL,Women,2026-05-24T21:34:32.332447
Jacket 690,8782560.0,4.7,3,XXL,Unisex,2026-05-24T21:34:32.332593
T-shirt 692,1416480.0,4.1,3,M,Women,2026-05-24T21:34:32.332785
Hoodie 693,3031680.0,4.1,3,L,Unisex,2026-05-24T21:34:32.332875
Pants 694,2466720.0,3.4,3,XL,Men,2026-05-24T21:34:32.332963
Outerwear 695,959360.0,3.3,3,XXL,Women,2026-05-24T21:34:32.333052
Jacket 696,5146240.0,4.2,3,S,Unisex,2026-05-24T21:34:32.333162
Crewneck 697,6545120.0,5.0,3,M,Men,2026-05-24T21:34:32.333278
T-shirt 698,2444960.0,4.1,3,L,Women,2026-05-24T21:34:32.333374
Hoodie 699,5250240.0,4.5,3,XL,Unisex,2026-05-24T21:34:32.333467
Pants 700,3526560.0,4.3,3,XXL,Men,2026-05-24T21:34:32.333554
Jacket 702,4927680.0,4.3,3,M,Unisex,2026-05-24T21:34:33.544584
Crewneck 703,2949120.0,4.2,3,L,Men,2026-05-24T21:34:33.544684
T-shirt 704,6214240.0,4.1,3,XL,Women,2026-05-24T21:34:33.544766
Hoodie 705,3042880.0,3.1,3,XXL,Unisex,2026-05-24T21:34:33.544846
Outerwear 707,7746240.0,4.4,3,M,Women,2026-05-24T21:34:33.545010
Jacket 708,8541280.0,4.3,3,L,Unisex,2026-05-24T21:34:33.545087
Crewneck 709,7022400.0,3.9,3,XL,Men,2026-05-24T21:34:33.545165
T-shirt 710,3751520.0,3.2,3,XXL,Women,2026-05-24T21:34:33.545241
Pants 712,1510400.0,4.1,3,M,Men,2026-05-24T21:34:33.545397
Outerwear 713,3142880.0,4.4,3,L,Women,2026-05-24T21:34:33.545473
Jacket 714,892320.0,3.1,3,XL,Unisex,2026-05-24T21:34:33.545550
Crewneck 715,7021760.0,3.9,3,XXL,Men,2026-05-24T21:34:33.545635
T-shirt 716,3602560.0,4.9,3,S,Women,2026-05-24T21:34:33.545711
Hoodie 717,1532800.0,3.6,3,M,Unisex,2026-05-24T21:34:33.545784
Pants 718,4057120.0,3.2,3,L,Men,2026-05-24T21:34:33.545857
Outerwear 719,3172960.0,4.7,3,XL,Women,2026-05-24T21:34:33.545934
Jacket 720,2028320.0,3.8,3,XXL,Unisex,2026-05-24T21:34:33.546011
T-shirt 722,8724320.0,3.2,3,M,Women,2026-05-24T21:34:34.181299
Hoodie 723,5664800.0,3.4,3,L,Unisex,2026-05-24T21:34:34.181381
Pants 724,4824800.0,4.7,3,XL,Men,2026-05-24T21:34:34.181530
Outerwear 725,4979200.0,3.0,3,XXL,Women,2026-05-24T21:34:34.181693
Jacket 726,6345920.0,3.5,3,S,Unisex,2026-05-24T21:34:34.181781
Crewneck 727,4024000.0,4.8,3,M,Men,2026-05-24T21:34:34.181868
T-shirt 728,8173440.0,3.0,3,L,Women,2026-05-24T21:34:34.181949
Hoodie 729,6431360.0,3.6,3,XL,Unisex,2026-05-24T21:34:34.182029
Pants 730,7228800.0,4.5,3,XXL,Men,2026-05-24T21:34:34.182110
Jacket 732,6597600.0,3.9,3,M,Unisex,2026-05-24T21:34:34.182272
Crewneck 733,1162880.0,4.7,3,L,Men,2026-05-24T21:34:34.182352
T-shirt 734,6858560.0,4.2,3,XL,Women,2026-05-24T21:34:34.182533
Hoodie 735,4664320.0,4.0,3,XXL,Unisex,2026-05-24T21:34:34.182706
Outerwear 737,1015680.0,4.7,3,M,Women,2026-05-24T21:34:34.182948
Jacket 738,1893920.0,3.7,3,L,Unisex,2026-05-24T21:34:34.183035
Crewneck 739,8072960.0,3.3,3,XL,Men,2026-05-24T21:34:34.183120
T-shirt 740,7016640.0,3.4,3,XXL,Women,2026-05-24T21:34:34.183204
Pants 742,5626080.0,3.6,3,M,Men,2026-05-24T21:34:35.014548
Outerwear 743,5678080.0,3.0,3,L,Women,2026-05-24T21:34:35.014726
Jacket 744,5175680.0,4.1,3,XL,Unisex,2026-05-24T21:34:35.014873
Crewneck 745,2882560.0,3.8,3,XXL,Men,2026-05-24T21:34:35.015021
T-shirt 746,1517440.0,5.0,3,S,Women,2026-05-24T21:34:35.015120
Hoodie 747,6326880.0,4.7,3,M,Unisex,2026-05-24T21:34:35.015230
Pants 748,3134080.0,3.7,3,L,Men,2026-05-24T21:34:35.015384
Outerwear 749,2627360.0,3.2,3,XL,Women,2026-05-24T21:34:35.015563
Jacket 750,1030400.0000000001,3.7,3,XXL,Unisex,2026-05-24T21:34:35.015791
T-shirt 752,7431520.0,3.8,3,M,Women,2026-05-24T21:34:35.016130
Hoodie 753,8137600.0,4.8,3,L,Unisex,2026-05-24T21:34:35.016367
Pants 754,7229760.0,3.1,3,XL,Men,2026-05-24T21:34:35.016552
Outerwear 755,6910400.0,4.6,3,XXL,Women,2026-05-24T21:34:35.016697
Jacket 756,7128000.0,3.1,3,S,Unisex,2026-05-24T21:34:35.016842
Crewneck 757,7582720.0,4.4,3,M,Men,2026-05-24T21:34:35.017059
T-shirt 758,6025920.0,3.1,3,L,Women,2026-05-24T21:34:35.017229
Hoodie 759,2779840.0,4.7,3,XL,Unisex,2026-05-24T21:34:35.017392
Pants 760,2191040.0,4.1,3,XXL,Men,2026-05-24T21:34:35.017621
Jacket 762,4091840.0,4.9,3,M,Unisex,2026-05-24T21:34:36.051484
Crewneck 763,5792640.0,3.9,3,L,Men,2026-05-24T21:34:36.051569
T-shirt 764,7211680.0,3.4,3,XL,Women,2026-05-24T21:34:36.051648
Hoodie 765,1343360.0,4.9,3,XXL,Unisex,2026-05-24T21:34:36.051723
Outerwear 767,4152800.0,4.5,3,M,Women,2026-05-24T21:34:36.051912
Jacket 768,5662080.0,4.9,3,L,Unisex,2026-05-24T21:34:36.051999
Crewneck 769,6294560.0,3.3,3,XL,Men,2026-05-24T21:34:36.052078
T-shirt 770,1655040.0,3.5,3,XXL,Women,2026-05-24T21:34:36.052157
Pants 772,8748160.0,3.4,3,M,Men,2026-05-24T21:34:36.052313
Outerwear 773,3393600.0,3.2,3,L,Women,2026-05-24T21:34:36.052387
Jacket 774,1485760.0,4.1,3,XL,Unisex,2026-05-24T21:34:36.052460
Crewneck 775,8189440.0,3.1,3,XXL,Men,2026-05-24T21:34:36.052586
T-shirt 776,5333120.0,3.7,3,S,Women,2026-05-24T21:34:36.052677
Hoodie 777,6104800.0,3.4,3,M,Unisex,2026-05-24T21:34:36.052757
Pants 778,6034720.0,4.2,3,L,Men,2026-05-24T21:34:36.052835
Outerwear 779,5816480.0,3.2,3,XL,Women,2026-05-24T21:34:36.052914
Jacket 780,2767520.0,3.4,3,XXL,Unisex,2026-05-24T21:34:36.052987
T-shirt 782,4117439.9999999995,4.5,3,M,Women,2026-05-24T21:34:36.858615
Hoodie 783,2510720.0,3.0,3,L,Unisex,2026-05-24T21:34:36.858700
Pants 784,5341280.0,3.0,3,XL,Men,2026-05-24T21:34:36.858779
Outerwear 785,6444480.0,4.3,3,XXL,Women,2026-05-24T21:34:36.858857
Jacket 786,6749280.0,5.0,3,S,Unisex,2026-05-24T21:34:36.858939
Crewneck 787,4593600.0,4.7,3,M,Men,2026-05-24T21:34:36.859016
T-shirt 788,3041120.0,4.7,3,L,Women,2026-05-24T21:34:36.859750
Hoodie 789,2153280.0,4.0,3,XL,Unisex,2026-05-24T21:34:36.860345
Pants 790,1708320.0,3.2,3,XXL,Men,2026-05-24T21:34:36.860725
Jacket 792,4068960.0,3.8,3,M,Unisex,2026-05-24T21:34:36.861362
Crewneck 793,8650080.0,4.0,3,L,Men,2026-05-24T21:34:36.861459
T-shirt 794,5983040.0,4.0,3,XL,Women,2026-05-24T21:34:36.861605
Hoodie 795,4209600.0,3.9,3,XXL,Unisex,2026-05-24T21:34:36.861775
Outerwear 797,2771360.0,4.9,3,M,Women,2026-05-24T21:34:36.861986
Jacket 798,4391040.0,3.4,3,L,Unisex,2026-05-24T21:34:36.862146
Crewneck 799,4048800.0,4.2,3,XL,Men,2026-05-24T21:34:36.862258
T-shirt 800,7433280.0,4.6,3,XXL,Women,2026-05-24T21:34:36.862357
Pants 802,5710240.0,4.4,3,M,Men,2026-05-24T21:34:37.516613
Outerwear 803,1875360.0,4.3,3,L,Women,2026-05-24T21:34:37.516696
Jacket 804,4459040.0,3.9,3,XL,Unisex,2026-05-24T21:34:37.516773
Crewneck 805,3266720.0,4.8,3,XXL,Men,2026-05-24T21:34:37.516849
T-shirt 806,7310560.0,3.0,3,S,Women,2026-05-24T21:34:37.516923
Hoodie 807,5016000.0,4.7,3,M,Unisex,2026-05-24T21:34:37.516996
Pants 808,8717760.0,3.2,3,L,Men,2026-05-24T21:34:37.517146
Outerwear 809,7162560.0,3.7,3,XL,Women,2026-05-24T21:34:37.517235
Jacket 810,3796640.0,4.8,3,XXL,Unisex,2026-05-24T21:34:37.517317
T-shirt 812,6406080.0,4.2,3,M,Women,2026-05-24T21:34:37.517472
Hoodie 813,4872800.0,5.0,3,L,Unisex,2026-05-24T21:34:37.517547
Pants 814,1110080.0,4.7,3,XL,Men,2026-05-24T21:34:37.517620
Outerwear 815,5985440.0,4.8,3,XXL,Women,2026-05-24T21:34:37.517903
Jacket 816,1649120.0,4.5,3,S,Unisex,2026-05-24T21:34:37.518139
Crewneck 817,8744160.0,4.4,3,M,Men,2026-05-24T21:34:37.518230
T-shirt 818,5160320.0,3.8,3,L,Women,2026-05-24T21:34:37.518313
Hoodie 819,4742400.0,4.7,3,XL,Unisex,2026-05-24T21:34:37.518392
Pants 820,6030720.0,3.4,3,XXL,Men,2026-05-24T21:34:37.518471
Jacket 822,838240.0,4.2,3,M,Unisex,2026-05-24T21:34:38.137920
Crewneck 823,6103520.0,4.7,3,L,Men,2026-05-24T21:34:38.138022
T-shirt 824,3301440.0,4.1,3,XL,Women,2026-05-24T21:34:38.138122
Hoodie 825,1058400.0,3.8,3,XXL,Unisex,2026-05-24T21:34:38.138217
Outerwear 827,7091040.0,4.8,3,M,Women,2026-05-24T21:34:38.138418
Jacket 828,2324000.0,4.6,3,L,Unisex,2026-05-24T21:34:38.138518
Crewneck 829,4630400.0,4.4,3,XL,Men,2026-05-24T21:34:38.138617
T-shirt 830,4496480.0,3.0,3,XXL,Women,2026-05-24T21:34:38.138766
Pants 832,3955360.0,4.6,3,M,Men,2026-05-24T21:34:38.138971
Outerwear 833,7101280.0,3.0,3,L,Women,2026-05-24T21:34:38.139064
Jacket 834,7223680.0,3.1,3,XL,Unisex,2026-05-24T21:34:38.139170
Crewneck 835,7143360.0,3.9,3,XXL,Men,2026-05-24T21:34:38.139258
T-shirt 836,6065440.0,4.1,3,S,Women,2026-05-24T21:34:38.139346
Hoodie 837,5532640.0,5.0,3,M,Unisex,2026-05-24T21:34:38.139430
Pants 838,2848800.0,3.1,3,L,Men,2026-05-24T21:34:38.139517
Outerwear 839,4208320.0,3.9,3,XL,Women,2026-05-24T21:34:38.139608
Jacket 840,8164640.0,3.6,3,XXL,Unisex,2026-05-24T21:34:38.139793
T-shirt 842,2859040.0,3.3,3,M,Women,2026-05-24T21:34:38.749583
Hoodie 843,2997120.0,3.6,3,L,Unisex,2026-05-24T21:34:38.749724
Pants 844,7422880.0,3.9,3,XL,Men,2026-05-24T21:34:38.749810
Outerwear 845,2023200.0,3.2,3,XXL,Women,2026-05-24T21:34:38.749889
Jacket 846,7480480.0,3.6,3,S,Unisex,2026-05-24T21:34:38.749965
Crewneck 847,4789920.0,3.7,3,M,Men,2026-05-24T21:34:38.750041
T-shirt 848,6134240.0,4.1,3,L,Women,2026-05-24T21:34:38.750117
Hoodie 849,7816160.0,3.5,3,XL,Unisex,2026-05-24T21:34:38.750192
Pants 850,4144160.0,4.2,3,XXL,Men,2026-05-24T21:34:38.750267
Jacket 852,2777280.0,4.1,3,M,Unisex,2026-05-24T21:34:38.750422
Crewneck 853,2643840.0,3.4,3,L,Men,2026-05-24T21:34:38.750497
T-shirt 854,1600000.0,4.5,3,XL,Women,2026-05-24T21:34:38.750571
Hoodie 855,3249760.0,5.0,3,XXL,Unisex,2026-05-24T21:34:38.751213
Outerwear 857,4532800.0,3.0,3,M,Women,2026-05-24T21:34:38.751486
Jacket 858,3748640.0,3.7,3,L,Unisex,2026-05-24T21:34:38.751567
Crewneck 859,6418560.0,3.0,3,XL,Men,2026-05-24T21:34:38.751740
T-shirt 860,2419360.0,4.7,3,XXL,Women,2026-05-24T21:34:38.751830
Pants 862,4131359.9999999995,3.3,3,M,Men,2026-05-24T21:34:39.213589
Outerwear 863,1071360.0,4.0,3,L,Women,2026-05-24T21:34:39.213686
Jacket 864,2168000.0,4.5,3,XL,Unisex,2026-05-24T21:34:39.213772
Crewneck 865,6805120.0,3.9,3,XXL,Men,2026-05-24T21:34:39.214835
T-shirt 866,2399040.0,3.2,3,S,Women,2026-05-24T21:34:39.215475
Hoodie 867,1303840.0,3.3,3,M,Unisex,2026-05-24T21:34:39.215611
Pants 868,7473760.0,4.6,3,L,Men,2026-05-24T21:34:39.215699
Outerwear 869,6040320.0,4.5,3,XL,Women,2026-05-24T21:34:39.215784
Jacket 870,6395040.0,3.5,3,XXL,Unisex,2026-05-24T21:34:39.215869
T-shirt 872,1343680.0,4.3,3,M,Women,2026-05-24T21:34:39.216050
Hoodie 873,8321600.0,4.8,3,L,Unisex,2026-05-24T21:34:39.216131
Pants 874,2755200.0,4.4,3,XL,Men,2026-05-24T21:34:39.216210
Outerwear 875,2506720.0,4.6,3,XXL,Women,2026-05-24T21:34:39.216290
Jacket 876,3225760.0,4.6,3,S,Unisex,2026-05-24T21:34:39.216370
Crewneck 877,4552640.0,4.6,3,M,Men,2026-05-24T21:34:39.216857
T-shirt 878,4809760.0,4.7,3,L,Women,2026-05-24T21:34:39.217106
Hoodie 879,1026880.0000000001,3.1,3,XL,Unisex,2026-05-24T21:34:39.217210
Pants 880,6497760.0,4.3,3,XXL,Men,2026-05-24T21:34:39.217297
Jacket 882,6420960.0,3.3,3,M,Unisex,2026-05-24T21:34:39.663309
Crewneck 883,5901120.0,3.6,3,L,Men,2026-05-24T21:34:39.663408
T-shirt 884,7414720.0,4.3,3,XL,Women,2026-05-24T21:34:39.663499
Hoodie 885,4760640.0,3.4,3,XXL,Unisex,2026-05-24T21:34:39.663590
Outerwear 887,7806400.0,3.8,3,M,Women,2026-05-24T21:34:39.663778
Jacket 888,7869280.0,4.2,3,L,Unisex,2026-05-24T21:34:39.663866
Crewneck 889,6333920.0,4.6,3,XL,Men,2026-05-24T21:34:39.663954
T-shirt 890,6439040.0,4.7,3,XXL,Women,2026-05-24T21:34:39.664044
Pants 892,8515360.0,4.4,3,M,Men,2026-05-24T21:34:39.664222
Outerwear 893,2673600.0,3.2,3,L,Women,2026-05-24T21:34:39.664310
Jacket 894,2946560.0,4.8,3,XL,Unisex,2026-05-24T21:34:39.664455
Crewneck 895,1126720.0,4.3,3,XXL,Men,2026-05-24T21:34:39.664654
T-shirt 896,7873760.0,4.9,3,S,Women,2026-05-24T21:34:39.664768
Hoodie 897,6077920.0,3.1,3,M,Unisex,2026-05-24T21:34:39.664872
Pants 898,8408640.0,4.1,3,L,Men,2026-05-24T21:34:39.664978
Outerwear 899,6192960.0,4.8,3,XL,Women,2026-05-24T21:34:39.665083
Jacket 900,7214240.0,3.3,3,XXL,Unisex,2026-05-24T21:34:39.665187
T-shirt 902,3164000.0,3.6,3,M,Women,2026-05-24T21:34:40.320902
Hoodie 903,2617920.0,4.1,3,L,Unisex,2026-05-24T21:34:40.321012
Pants 904,3356320.0,3.9,3,XL,Men,2026-05-24T21:34:40.321116
Outerwear 905,5027840.0,4.9,3,XXL,Women,2026-05-24T21:34:40.321220
Jacket 906,4301760.0,3.9,3,S,Unisex,2026-05-24T21:34:40.321324
Crewneck 907,8732640.0,4.9,3,M,Men,2026-05-24T21:34:40.321427
T-shirt 908,7954880.0,4.2,3,L,Women,2026-05-24T21:34:40.321531
Hoodie 909,8383840.0,3.6,3,XL,Unisex,2026-05-24T21:34:40.321638
Pants 910,2395200.0,4.7,3,XXL,Men,2026-05-24T21:34:40.321740
Jacket 912,7853280.0,4.9,3,M,Unisex,2026-05-24T21:34:40.321940
Crewneck 913,3222240.0,3.5,3,L,Men,2026-05-24T21:34:40.322040
T-shirt 914,5799200.0,4.6,3,XL,Women,2026-05-24T21:34:40.322142
Hoodie 915,2649120.0,4.2,3,XXL,Unisex,2026-05-24T21:34:40.322244
Outerwear 917,6061600.0,4.0,3,M,Women,2026-05-24T21:34:40.322578
Jacket 918,5380800.0,3.3,3,L,Unisex,2026-05-24T21:34:40.322779
Crewneck 919,8364000.0,4.7,3,XL,Men,2026-05-24T21:34:40.322890
T-shirt 920,3706080.0,3.2,3,XXL,Women,2026-05-24T21:34:40.322996
Pants 922,1210880.0,4.4,3,M,Men,2026-05-24T21:34:40.739102
Outerwear 923,2435840.0,3.7,3,L,Women,2026-05-24T21:34:40.739385
Jacket 924,3764320.0,3.8,3,XL,Unisex,2026-05-24T21:34:40.739790
Crewneck 925,7900800.0,4.5,3,XXL,Men,2026-05-24T21:34:40.740171
T-shirt 926,1911040.0,4.6,3,S,Women,2026-05-24T21:34:40.740465
Hoodie 927,7706400.0,3.5,3,M,Unisex,2026-05-24T21:34:40.740816
Pants 928,3911680.0,3.4,3,L,Men,2026-05-24T21:34:40.741128
Outerwear 929,1253440.0,3.3,3,XL,Women,2026-05-24T21:34:40.741573
Jacket 930,1741120.0,4.9,3,XXL,Unisex,2026-05-24T21:34:40.741978
T-shirt 932,5937600.0,4.2,3,M,Women,2026-05-24T21:34:40.742597
Hoodie 933,4960800.0,3.4,3,L,Unisex,2026-05-24T21:34:40.742966
Pants 934,2248160.0,3.6,3,XL,Men,2026-05-24T21:34:40.743233
Outerwear 935,6048000.0,4.1,3,XXL,Women,2026-05-24T21:34:40.743360
Jacket 936,6165440.0,3.1,3,S,Unisex,2026-05-24T21:34:40.743473
Crewneck 937,2475360.0,4.1,3,M,Men,2026-05-24T21:34:40.743590
T-shirt 938,4058400.0,3.6,3,L,Women,2026-05-24T21:34:40.743694
Hoodie 939,4466080.0,4.8,3,XL,Unisex,2026-05-24T21:34:40.743798
Pants 940,5776000.0,3.7,3,XXL,Men,2026-05-24T21:34:40.743901
Jacket 942,7972960.0,3.0,3,M,Unisex,2026-05-24T21:34:41.112134
Crewneck 943,4571040.0,4.4,3,L,Men,2026-05-24T21:34:41.112299
T-shirt 944,1578240.0,4.6,3,XL,Women,2026-05-24T21:34:41.112411
Hoodie 945,2107680.0,4.2,3,XXL,Unisex,2026-05-24T21:34:41.112540
Outerwear 947,7079680.0,4.6,3,M,Women,2026-05-24T21:34:41.112773
Jacket 948,4600480.0,3.9,3,L,Unisex,2026-05-24T21:34:41.112877
Crewneck 949,1844320.0,4.4,3,XL,Men,2026-05-24T21:34:41.112976
T-shirt 950,7691680.0,4.9,3,XXL,Women,2026-05-24T21:34:41.113114
Pants 952,7155040.0,3.7,3,M,Men,2026-05-24T21:34:41.113356
Outerwear 953,8423200.0,3.8,3,L,Women,2026-05-24T21:34:41.113459
Jacket 954,3878720.0,4.1,3,XL,Unisex,2026-05-24T21:34:41.113560
Crewneck 955,7006560.0,4.7,3,XXL,Men,2026-05-24T21:34:41.113663
T-shirt 956,4457600.0,3.1,3,S,Women,2026-05-24T21:34:41.113826
Hoodie 957,4024320.0,4.4,3,M,Unisex,2026-05-24T21:34:41.113945
Pants 958,3946240.0,4.8,3,L,Men,2026-05-24T21:34:41.114053
Outerwear 959,6828480.0,4.6,3,XL,Women,2026-05-24T21:34:41.114180
Jacket 960,5840160.0,4.5,3,XXL,Unisex,2026-05-24T21:34:41.114309
T-shirt 962,2887840.0,4.1,3,M,Women,2026-05-24T21:34:41.464244
Hoodie 963,7916160.0,4.6,3,L,Unisex,2026-05-24T21:34:41.464331
Pants 964,3885280.0,3.3,3,XL,Men,2026-05-24T21:34:41.464417
Outerwear 965,3107200.0,4.5,3,XXL,Women,2026-05-24T21:34:41.464510
Jacket 966,8499520.0,4.9,3,S,Unisex,2026-05-24T21:34:41.464649
Crewneck 967,1744000.0,3.5,3,M,Men,2026-05-24T21:34:41.464737
T-shirt 968,4045120.0,4.4,3,L,Women,2026-05-24T21:34:41.464822
Hoodie 969,4231840.0,3.8,3,XL,Unisex,2026-05-24T21:34:41.464903
Pants 970,952960.0,4.6,3,XXL,Men,2026-05-24T21:34:41.464984
Jacket 972,7272000.0,4.4,3,M,Unisex,2026-05-24T21:34:41.465145
Crewneck 973,7134400.0,3.9,3,L,Men,2026-05-24T21:34:41.465226
T-shirt 974,4769280.0,3.0,3,XL,Women,2026-05-24T21:34:41.465309
Hoodie 975,4816000.0,3.6,3,XXL,Unisex,2026-05-24T21:34:41.465390
Outerwear 977,3356000.0,3.6,3,M,Women,2026-05-24T21:34:41.465561
Jacket 978,3918240.0,3.6,3,L,Unisex,2026-05-24T21:34:41.465641
Crewneck 979,4848480.0,3.4,3,XL,Men,2026-05-24T21:34:41.465722
T-shirt 980,6544000.0,3.1,3,XXL,Women,2026-05-24T21:34:41.465800
Pants 982,7281760.0,4.9,3,M,Men,2026-05-24T21:34:41.796238
Outerwear 983,5762560.0,3.2,3,L,Women,2026-05-24T21:34:41.796315
Jacket 984,7349440.0,3.8,3,XL,Unisex,2026-05-24T21:34:41.796390
Crewneck 985,6236000.0,4.3,3,XXL,Men,2026-05-24T21:34:41.796462
T-shirt 986,6713760.0,4.5,3,S,Women,2026-05-24T21:34:41.796615
Hoodie 987,4008000.0,4.7,3,M,Unisex,2026-05-24T21:34:41.796701
Pants 988,2054239.9999999998,3.5,3,L,Men,2026-05-24T21:34:41.796781
Outerwear 989,6869440.0,4.2,3,XL,Women,2026-05-24T21:34:41.796858
Jacket 990,3327360.0,4.2,3,XXL,Unisex,2026-05-24T21:34:41.796935
T-shirt 992,4840480.0,4.9,3,M,Women,2026-05-24T21:34:41.797083
Hoodie 993,6361920.0,3.4,3,L,Unisex,2026-05-24T21:34:41.797157
Pants 994,1693760.0,4.4,3,XL,Men,2026-05-24T21:34:41.797229
Outerwear 995,8046720.0,3.2,3,XXL,Women,2026-05-24T21:34:41.797302
Jacket 996,6942400.0,4.3,3,S,Unisex,2026-05-24T21:34:41.797446
Crewneck 997,5321280.0,3.9,3,M,Men,2026-05-24T21:34:41.797540
T-shirt 998,908000.0,4.2,3,L,Women,2026-05-24T21:34:41.797670
Hoodie 999,8534240.0,4.8,3,XL,Unisex,2026-05-24T21:34:41.797749
Pants 1000,2938240.0,4.7,3,XXL,Men,2026-05-24T21:34:41.797826
